Year,PartnerCountryCode,PartnerCountries,Import,Export
2001,2010,Mexico,10706,10297
2002,2010,Mexico,9981.9,10022.5
2003,2010,Mexico,10830.47187,10957.74635
2004,2010,Mexico,11200.69738,11709.18403
2005,2010,Mexico,12073.87754,12607.08622
2006,2010,Mexico,15227.89873,14820.116
2007,2010,Mexico,15373.41478,15142.80096
2008,2010,Mexico,17054.4899,17674.54862
2009,2010,Mexico,12464.88032,12379.80093
2010,2010,Mexico,16089.40131,16459.3035
2011,2010,Mexico,19606.41106,19053.57811
2012,2010,Mexico,21503.92623,22617.16585
2013,2010,Mexico,21549.88196,21914.70031
2001,2050,Guatemala,228.7,202.8
2002,2050,Guatemala,216.5,195.7
2003,2050,Guatemala,246.888788,238.146078
2004,2050,Guatemala,217.039948,223.636037
2005,2050,Guatemala,244.009334,262.631289
2006,2050,Guatemala,215.074969,228.297514
2007,2050,Guatemala,230.14491,239.755918
2008,2050,Guatemala,297.650765,279.416356
2009,2050,Guatemala,196.601285,203.049391
2010,2050,Guatemala,243.207646,269.432484
2011,2050,Guatemala,320.689493,333.939083
2012,2050,Guatemala,376.323569,341.497955
2013,2050,Guatemala,314.766155,329.127496
2001,2080,Belize,4.1,14.5
2002,2080,Belize,4.3,5.8
2003,2080,Belize,5.352117,9.392373
2004,2080,Belize,5.554294,8.280676
2005,2080,Belize,5.172393,14.463137
2006,2080,Belize,4.656801,10.228572
2007,2080,Belize,5.830802,12.054445
2008,2080,Belize,10.606312,7.421412
2009,2080,Belize,6.573171,8.535899
2010,2080,Belize,2.170355,3.240765
2011,2080,Belize,8.66908,14.554609
2012,2080,Belize,13.922079,23.858524
2013,2080,Belize,11.068201,4.99693
2001,2110,El Salvador,121.4,148.9
2002,2110,El Salvador,146.1,143.3
2003,2110,El Salvador,148.363986,153.365969
2004,2110,El Salvador,138.917541,155.837311
2005,2110,El Salvador,133.892204,155.508478
2006,2110,El Salvador,122.112822,158.051339
2007,2110,El Salvador,153.409581,154.171118
2008,2110,El Salvador,144.237521,174.004181
2009,2110,El Salvador,131.049501,140.999114
2010,2110,El Salvador,126.299696,150.670516
2011,2110,El Salvador,166.256579,190.512719
2012,2110,El Salvador,196.402966,198.024183
2013,2110,El Salvador,177.71097,197.948413
2001,2150,Honduras,206.7,266.4
2002,2150,Honduras,194.6,249.1
2003,2150,Honduras,215.308085,262.972936
2004,2150,Honduras,211.741161,281.232397
2005,2150,Honduras,246.823508,302.884417
2006,2150,Honduras,255.995349,303.633354
2007,2150,Honduras,254.361797,294.931422
2008,2150,Honduras,249.705314,326.424703
2009,2150,Honduras,201.281788,257.874873
2010,2150,Honduras,221.322956,288.328918
2011,2150,Honduras,275.046045,370.141639
2012,2150,Honduras,266.655009,378.047917
2013,2150,Honduras,281.938163,361.280127
2001,2190,Nicaragua,51.9,49.6
2002,2190,Nicaragua,49.8,53.7
2003,2190,Nicaragua,60.251651,56.969858
2004,2190,Nicaragua,61.760641,75.850968
2005,2190,Nicaragua,89.291456,91.79053
2006,2190,Nicaragua,109.8432,149.12863
2007,2190,Nicaragua,117.447542,113.537002
2008,2190,Nicaragua,128.221001,150.044535
2009,2190,Nicaragua,97.234162,124.632507
2010,2190,Nicaragua,112.031938,149.453902
2011,2190,Nicaragua,155.9975,181.085048
2012,2190,Nicaragua,200.465989,222.564089
2013,2190,Nicaragua,199.870013,219.96952
2001,2230,Costa Rica,205.5,229.5
2002,2230,Costa Rica,188.1,232.4
2003,2230,Costa Rica,253.733186,286.043059
2004,2230,Costa Rica,213.829058,287.539115
2005,2230,Costa Rica,228.242767,250.417736
2006,2230,Costa Rica,265.07986,292.579892
2007,2230,Costa Rica,269.552957,308.33619
2008,2230,Costa Rica,303.470146,350.706437
2009,2230,Costa Rica,225.779387,256.579705
2010,2230,Costa Rica,580.116379,535.692663
2011,2230,Costa Rica,676.170679,687.880937
2012,2230,Costa Rica,878.619196,972.088163
2013,2230,Costa Rica,836.393347,935.518068
2001,2250,Panama,200,200
2002,2250,Panama,200,200
2003,2250,Panama,200,200
2004,2250,Panama,200,200
2005,2250,Panama,200,200
2006,2250,Panama,200,200
2007,2250,Panama,200,200
2008,2250,Panama,200,200
2009,2250,Panama,200,200
2010,2250,Panama,200,200
2011,2250,Panama,200,200
2012,2250,Panama,200,200
2013,2250,Panama,200,200
2001,2320,Bermuda,0.8,0.8
2002,2320,Bermuda,0.7,1.1
2003,2320,Bermuda,0.84752,1.073643
2004,2320,Bermuda,0.780348,0.569293
2005,2320,Bermuda,2.351757,0.799324
2006,2320,Bermuda,0.822483,0.442073
2007,2320,Bermuda,1.979411,0.781278
2008,2320,Bermuda,0.996801,0.654554
2009,2320,Bermuda,0.385724,0.830112
2010,2320,Bermuda,8.832869,0.420938
2011,2320,Bermuda,0.310173,0.398294
2012,2320,Bermuda,0.8361,1.390441
2013,2320,Bermuda,1.105168,0.799287
2001,2360,Bahamas,24.6,25.5
2002,2360,Bahamas,33.6,25.4
2003,2360,Bahamas,34.292117,38.723447
2004,2360,Bahamas,44.358419,48.886559
2005,2360,Bahamas,51.985918,70.617075
2006,2360,Bahamas,41.590853,63.961301
2007,2360,Bahamas,64.744124,41.425868
2008,2360,Bahamas,65.976349,46.277899
2009,2360,Bahamas,46.370915,72.810261
2010,2360,Bahamas,48.254702,81.023816
2011,2360,Bahamas,61.580856,78.261527
2012,2360,Bahamas,29.862408,25.820762
2013,2360,Bahamas,86.541345,32.255935
2001,2390,Cuba,99999,99999
2002,2390,Cuba,0,0
2003,2390,Cuba,9999,0
2004,2390,Cuba,0,0.033329
2005,2390,Cuba,0,0
2006,2390,Cuba,0,0
2007,2390,Cuba,0,0.202151
2008,2390,Cuba,0,0
2009,2390,Cuba,0,0
2010,2390,Cuba,0,0
2011,2390,Cuba,0,0
2012,2390,Cuba,0,0
2013,2390,Cuba,0,0
2001,2410,Jamaica,29.3,35.3
2002,2410,Jamaica,28.6,33.1
2003,2410,Jamaica,38.177604,33.257723
2004,2410,Jamaica,23.080214,22.437595
2005,2410,Jamaica,27.416627,22.192126
2006,2410,Jamaica,29.831828,45.201358
2007,2410,Jamaica,57.605283,47.96016
2008,2410,Jamaica,48.955596,52.645129
2009,2410,Jamaica,40.851173,24.066627
2010,2410,Jamaica,24.470528,30.386442
2011,2410,Jamaica,15.753269,28.033342
2012,2410,Jamaica,33.942257,31.927805
2013,2410,Jamaica,41.625068,60.204604
2001,2430,Turks and Caicos Islands,0.4,0.5
2002,2430,Turks and Caicos Islands,0.6,0.5
2003,2430,Turks and Caicos Islands,0.210662,0.497412
2004,2430,Turks and Caicos Islands,0.382743,0.414141
2005,2430,Turks and Caicos Islands,0.502601,0.123385
2006,2430,Turks and Caicos Islands,0.644276,0.528826
2007,2430,Turks and Caicos Islands,0.755097,0.86188
2008,2430,Turks and Caicos Islands,0.401222,0.775146
2009,2430,Turks and Caicos Islands,0.822586,0.681295
2010,2430,Turks and Caicos Islands,0.481465,0.96908
2011,2430,Turks and Caicos Islands,0.927424,0.703343
2012,2430,Turks and Caicos Islands,0.761363,0.662116
2013,2430,Turks and Caicos Islands,0.686292,0.497234
2001,2440,Cayman Islands,0.1,0.1
2002,2440,Cayman Islands,0.4,0.2
2003,2440,Cayman Islands,1.101886,1.886976
2004,2440,Cayman Islands,0.619935,0.322286
2005,2440,Cayman Islands,0.919886,0.704555
2006,2440,Cayman Islands,1.561504,1.255617
2007,2440,Cayman Islands,4.181234,1.610197
2008,2440,Cayman Islands,0.607228,0.550702
2009,2440,Cayman Islands,1.433212,0.790026
2010,2440,Cayman Islands,0.599687,0.488457
2011,2440,Cayman Islands,0.750699,1.572723
2012,2440,Cayman Islands,0.826176,0.961286
2013,2440,Cayman Islands,4.805534,9.966224
2001,2450,Haiti,17.7,21.5
2002,2450,Haiti,13.9,16.3
2003,2450,Haiti,16.214502,25.077773
2004,2450,Haiti,17.768909,29.369847
2005,2450,Haiti,21.040946,30.617258
2006,2450,Haiti,23.111432,31.535959
2007,2450,Haiti,26.152208,43.293136
2008,2450,Haiti,18.96703,28.076125
2009,2450,Haiti,20.897777,40.692035
2010,2450,Haiti,6.401135,29.396001
2011,2450,Haiti,34.478233,58.293937
2012,2450,Haiti,34.378523,55.458149
2013,2450,Haiti,46.279035,62.965383
2001,2470,Dominican Republic,252,324.3
2002,2470,Dominican Republic,194.5,312.3
2003,2470,Dominican Republic,225.669461,336.015177
2004,2470,Dominican Republic,238.556311,368.72802
2005,2470,Dominican Republic,235.433734,366.204659
2006,2470,Dominican Republic,273.77511,350.068703
2007,2470,Dominican Republic,242.813564,353.477409
2008,2470,Dominican Republic,246.709465,346.450819
2009,2470,Dominican Republic,185.989638,275.221912
2010,2470,Dominican Republic,183.301486,269.16778
2011,2470,Dominican Republic,223.151344,322.768653
2012,2470,Dominican Republic,267.584205,370.551284
2013,2470,Dominican Republic,276.272418,327.554828
2001,2481,Anguilla,0,0.2
2002,2481,Anguilla,0,0.1
2003,2481,Anguilla,0.03152,0.231358
2004,2481,Anguilla,0.082309,0.042689
2005,2481,Anguilla,0.045504,0.177802
2006,2481,Anguilla,0.028952,0.526593
2007,2481,Anguilla,0.440031,0.553243
2008,2481,Anguilla,0.241894,0.242823
2009,2481,Anguilla,0.339494,0.476522
2010,2481,Anguilla,0.145726,0.291679
2011,2481,Anguilla,0.330284,0.23908
2012,2481,Anguilla,0.280854,0.380463
2013,2481,Anguilla,0.312238,0.390336
2001,2482,British Virgin Islands,0.7,1.1
2002,2482,British Virgin Islands,7.8,2.7
2003,2482,British Virgin Islands,2.197849,0.974899
2004,2482,British Virgin Islands,1.416589,1.868286
2005,2482,British Virgin Islands,15.8699,1.549721
2006,2482,British Virgin Islands,7.048673,1.470393
2007,2482,British Virgin Islands,0.367547,0.87465
2008,2482,British Virgin Islands,0.441871,0.26995
2009,2482,British Virgin Islands,0.509756,0.15469
2010,2482,British Virgin Islands,9.875348,0.424679
2011,2482,British Virgin Islands,0.261893,0.12384
2012,2482,British Virgin Islands,0.464445,0.216069
2013,2482,British Virgin Islands,0.364946,0.181023
2001,2483,St Kitts and Nevis,3.4,3.4
2002,2483,St Kitts and Nevis,2.9,3.8
2003,2483,St Kitts and Nevis,4.077702,3.962189
2004,2483,St Kitts and Nevis,3.14773,3.113816
2005,2483,St Kitts and Nevis,3.509925,3.921806
2006,2483,St Kitts and Nevis,3.077059,4.168277
2007,2483,St Kitts and Nevis,3.951022,4.417273
2008,2483,St Kitts and Nevis,4.432578,4.994413
2009,2483,St Kitts and Nevis,3.31031,3.082366
2010,2483,St Kitts and Nevis,2.480722,3.328417
2011,2483,St Kitts and Nevis,3.069681,4.442821
2012,2483,St Kitts and Nevis,4.243155,4.874753
2013,2483,St Kitts and Nevis,3.401011,3.512104
2001,2484,Antigua and Barbuda,0.1,0.1
2002,2484,Antigua and Barbuda,0.1,0.5
2003,2484,Antigua and Barbuda,0.263177,0.067743
2004,2484,Antigua and Barbuda,0.292094,0.38415
2005,2484,Antigua and Barbuda,0.454007,0.150278
2006,2484,Antigua and Barbuda,0.461054,0.763567
2007,2484,Antigua and Barbuda,1.010899,1.348104
2008,2484,Antigua and Barbuda,0.433642,0.297866
2009,2484,Antigua and Barbuda,1.683332,0.290599
2010,2484,Antigua and Barbuda,0.476489,0.192461
2011,2484,Antigua and Barbuda,0.371918,0.31537
2012,2484,Antigua and Barbuda,1.402097,0.402322
2013,2484,Antigua and Barbuda,1.420217,1.256247
2001,2485,Montserrat,0,0
2002,2485,Montserrat,0,0
2003,2485,Montserrat,0.10477,0.00924
2004,2485,Montserrat,0.093415,0.019961
2005,2485,Montserrat,0.014777,0.006953
2006,2485,Montserrat,0.287877,0.004469
2007,2485,Montserrat,0.00092,0.008003
2008,2485,Montserrat,0.019949,0.126733
2009,2485,Montserrat,0.075924,0.254147
2010,2485,Montserrat,0.000114,0.139874
2011,2485,Montserrat,0.088367,0.246476
2012,2485,Montserrat,0.201582,0.377636
2013,2485,Montserrat,0.048076,0.03044
2001,2486,Dominica,0.3,0.3
2002,2486,Dominica,1.3,0.6
2003,2486,Dominica,0.136007,0.084924
2004,2486,Dominica,0.424852,0.207922
2005,2486,Dominica,0.294196,0.179466
2006,2486,Dominica,0.917433,0.412841
2007,2486,Dominica,0.113146,0.16648
2008,2486,Dominica,0.300376,0.298448
2009,2486,Dominica,0.203275,0.155853
2010,2486,Dominica,0.311719,0.025226
2011,2486,Dominica,0.368569,0.342232
2012,2486,Dominica,0.084854,0.074121
2013,2486,Dominica,0.497825,0.135725
2001,2487,St Lucia,1.3,1.5
2002,2487,St Lucia,1.2,1.4
2003,2487,St Lucia,0.974064,1.237178
2004,2487,St Lucia,0.88452,1.239488
2005,2487,St Lucia,0.905983,1.23898
2006,2487,St Lucia,15.72255,1.903602
2007,2487,St Lucia,1.365442,1.385351
2008,2487,St Lucia,1.377741,1.571655
2009,2487,St Lucia,1.172664,1.578282
2010,2487,St Lucia,1.331763,1.380239
2011,2487,St Lucia,1.501638,1.185725
2012,2487,St Lucia,1.577843,1.388815
2013,2487,St Lucia,0.795593,1.133268
2001,2488,St Vincent and the Grenadines,0.1,0.2
2002,2488,St Vincent and the Grenadines,1.1,1.1
2003,2488,St Vincent and the Grenadines,1.400167,0.168827
2004,2488,St Vincent and the Grenadines,0.195289,0.162028
2005,2488,St Vincent and the Grenadines,0.219694,0.120507
2006,2488,St Vincent and the Grenadines,0.033785,0.108727
2007,2488,St Vincent and the Grenadines,0.045062,0.186248
2008,2488,St Vincent and the Grenadines,0.015439,0.015276
2009,2488,St Vincent and the Grenadines,0.132583,0.01542
2010,2488,St Vincent and the Grenadines,0.151941,0.078695
2011,2488,St Vincent and the Grenadines,0.125966,0.092304
2012,2488,St Vincent and the Grenadines,0.28576,0.151339
2013,2488,St Vincent and the Grenadines,0.168334,0.123984
2001,2489,Grenada,2.3,2.4
2002,2489,Grenada,0.4,0.2
2003,2489,Grenada,0.22078,0.596744
2004,2489,Grenada,0.395518,0.304599
2005,2489,Grenada,0.36468,0.424793
2006,2489,Grenada,0.339449,0.318847
2007,2489,Grenada,0.257858,1.741755
2008,2489,Grenada,0.25179,0.347358
2009,2489,Grenada,0.196151,0.138503
2010,2489,Grenada,0.255395,0.26467
2011,2489,Grenada,0.164329,0.195465
2012,2489,Grenada,0.156255,0.149141
2013,2489,Grenada,0.275227,0.245985
2001,2720,Barbados,3.4,3.8
2002,2720,Barbados,2.1,2.8
2003,2720,Barbados,1.901525,2.814029
2004,2720,Barbados,1.542183,4.089978
2005,2720,Barbados,2.300468,2.891506
2006,2720,Barbados,2.844502,3.081858
2007,2720,Barbados,2.686977,2.065785
2008,2720,Barbados,3.481842,3.098672
2009,2720,Barbados,2.231404,1.739062
2010,2720,Barbados,2.891999,2.83923
2011,2720,Barbados,4.306062,2.3347
2012,2720,Barbados,4.291066,4.877971
2013,2720,Barbados,4.291267,4.168394
2001,2740,Trinidad and Tobago,274.2,238.7
2002,2740,Trinidad and Tobago,131.3,122.9
2003,2740,Trinidad and Tobago,310.453917,286.900467
2004,2740,Trinidad and Tobago,459.570515,487.175817
2005,2740,Trinidad and Tobago,544.7239,481.246733
2006,2740,Trinidad and Tobago,814.050211,621.77159
2007,2740,Trinidad and Tobago,694.728944,676.503038
2008,2740,Trinidad and Tobago,867.876212,772.751249
2009,2740,Trinidad and Tobago,394.393959,396.007619
2010,2740,Trinidad and Tobago,623.501723,537.106338
2011,2740,Trinidad and Tobago,590.701584,453.282634
2012,2740,Trinidad and Tobago,809.892864,652.007257
2013,2740,Trinidad and Tobago,651.091523,457.70945
2001,2771,Netherlands Antilles,61.4,48.8
2002,2771,Netherlands Antilles,28.8,23.4
2003,2771,Netherlands Antilles,78.198724,62.504183
2004,2771,Netherlands Antilles,21.825377,66.204952
2005,2771,Netherlands Antilles,48.955045,54.41781
2006,2771,Netherlands Antilles,127.320345,97.031939
2007,2771,Netherlands Antilles,85.573334,45.425356
2008,2771,Netherlands Antilles,139.279447,51.811547
2009,2771,Netherlands Antilles,47.612538,61.387809
2010,2771,Netherlands Antilles,57.219021,84.692296
2011,2771,Netherlands Antilles,162.787329,260.378443
2011,2774,Sint Maarten,0,0
2012,2774,Sint Maarten,6.136117,5.327753
2013,2774,Sint Maarten,5.376529,5.121926
2011,2777,Curacao,0,0
2012,2777,Curacao,70.515997,88.025811
2013,2777,Curacao,65.39483,40.950324
2001,2779,Aruba,204.1,127.5
2002,2779,Aruba,82,78.3
2003,2779,Aruba,54.564681,133.308335
2004,2779,Aruba,134.848092,104.866245
2005,2779,Aruba,156.802755,192.248304
2006,2779,Aruba,301.731745,142.735376
2007,2779,Aruba,278.032804,186.820493
2008,2779,Aruba,273.173946,104.533371
2009,2779,Aruba,173.547793,173.550323
2010,2779,Aruba,0.9474,2.555936
2011,2779,Aruba,48.82732,210.609801
2012,2779,Aruba,180.33838,211.559896
2013,2779,Aruba,4.603817,5.994984
2001,2831,Guadeloupe,0.2,0.3
2002,2831,Guadeloupe,0.4,1.1
2003,2831,Guadeloupe,0.582286,0.488485
2004,2831,Guadeloupe,0.280278,0.033316
2005,2831,Guadeloupe,0.034983,0.333044
2006,2831,Guadeloupe,0.317389,0.05815
2007,2831,Guadeloupe,0.202982,0.464493
2008,2831,Guadeloupe,0.33489,2.352786
2009,2831,Guadeloupe,0.291853,0.091655
2010,2831,Guadeloupe,0.03853,0.086097
2011,2831,Guadeloupe,0.067702,0.072232
2012,2831,Guadeloupe,0.464502,0.0404
2013,2831,Guadeloupe,1.606386,1.183823
2001,2839,_3tinique,0.2,0
2002,2839,_3tinique,0,0.1
2003,2839,_3tinique,0.067557,0.165245
2004,2839,_3tinique,0.017626,0.425491
2005,2839,_3tinique,0.011312,0.045854
2006,2839,_3tinique,0.26764,0.049358
2007,2839,_3tinique,0.202915,0.019983
2008,2839,_3tinique,0.105502,2.927736
2009,2839,_3tinique,0.003619,0
2010,2839,_3tinique,0.366621,3.122234
2011,2839,_3tinique,0.077672,0.005065
2012,2839,_3tinique,3.23515,2.675236
2013,2839,_3tinique,0.913332,0.837012
2001,3010,Colombia,615.9,482.2
2002,3010,Colombia,413.8,372.6
2003,3010,Colombia,526.302499,551.286051
2004,3010,Colombia,600.670076,502.000764
2005,3010,Colombia,630.758695,584.623068
2006,3010,Colombia,778.214229,710.335084
2007,3010,Colombia,736.297482,652.017947
2008,3010,Colombia,1065.543563,989.291625
2009,3010,Colombia,690.138717,698.618827
2010,3010,Colombia,1061.325184,1172.037764
2011,3010,Colombia,1629.098884,1178.369382
2012,3010,Colombia,2015.63365,2047.136602
2013,3010,Colombia,1952.194288,1661.295934
2001,3070,Venezuela,1678.3,1323.8
2002,3070,Venezuela,916.3,752.8
2003,3070,Venezuela,399.474686,690.051481
2004,3070,Venezuela,1764.850051,1705.65374
2005,3070,Venezuela,2518.095071,2154.531316
2006,3070,Venezuela,3140.60155,2888.031946
2007,3070,Venezuela,2463.278621,2237.819684
2008,3070,Venezuela,4224.855639,3442.384927
2009,3070,Venezuela,2001.015733,1793.536489
2010,3070,Venezuela,2222.112885,2707.945043
2011,3070,Venezuela,3685.285991,2822.060683
2012,3070,Venezuela,3224.633651,3065.826907
2013,3070,Venezuela,3408.896297,2182.915755
2001,3120,Guyana,3,3
2002,3120,Guyana,3,3
2003,3120,Guyana,3,3
2004,3120,Guyana,3,3
2005,3120,Guyana,3,3
2006,3120,Guyana,3,3
2007,3120,Guyana,3,3
2008,3120,Guyana,3,3
2009,3120,Guyana,3,3
2010,3120,Guyana,3,3
2011,3120,Guyana,3,3
2012,3120,Guyana,3,3
2013,3120,Guyana,3,3
2001,3150,Suriname,19.8,8.8
2002,3150,Suriname,13.4,11.5
2003,3150,Suriname,15.567007,6.853788
2004,3150,Suriname,14.37015,3.817731
2005,3150,Suriname,6.201474,11.117023
2006,3150,Suriname,11.528806,9.237257
2007,3150,Suriname,10.845439,6.935365
2008,3150,Suriname,8.200869,11.232187
2009,3150,Suriname,16.49351,4.772774
2010,3150,Suriname,10.747823,15.969774
2011,3150,Suriname,13.893524,30.953344
2012,3150,Suriname,28.155019,20.813673
2013,3150,Suriname,20.675839,37.947471
2001,3170,French Guiana,0.1,0
2002,3170,French Guiana,0,0
2003,3170,French Guiana,3.043417,0.041938
2004,3170,French Guiana,0.000291,0.01674
2005,3170,French Guiana,0,0.027333
2006,3170,French Guiana,0.224499,0.000723
2007,3170,French Guiana,0,0.003079
2008,3170,French Guiana,0.025934,0
2009,3170,French Guiana,0.000262,0
2010,3170,French Guiana,0.004,0.06466
2011,3170,French Guiana,0.000024,0.013137
2012,3170,French Guiana,0,0.308155
2013,3170,French Guiana,0.004454,0
2001,3310,Ecuador,190.1,165.2
2002,3310,Ecuador,140.2,153.6
2003,3310,Ecuador,198.877398,239.900671
2004,3310,Ecuador,311.633636,294.222196
2005,3310,Ecuador,432.379516,459.515039
2006,3310,Ecuador,655.142581,477.279222
2007,3310,Ecuador,564.564445,397.197632
2008,3310,Ecuador,918.490253,645.9327
2009,3310,Ecuador,374.755456,346.714733
2010,3310,Ecuador,639.411541,413.129223
2011,3310,Ecuador,702.447103,897.893038
2012,3310,Ecuador,584.118984,739.221917
2013,3310,Ecuador,1017.149404,808.900962
2001,3330,Peru,172.9,139.2
2002,3330,Peru,157.3,128.6
2003,3330,Peru,175.04362,178.233449
2004,3330,Peru,228.805894,262.08053
2005,3330,Peru,331.846994,396.835784
2006,3330,Peru,481.0925,457.295947
2007,3330,Peru,441.228417,399.20454
2008,3330,Peru,472.718905,525.122789
2009,3330,Peru,404.988749,254.05392
2010,3330,Peru,379.996696,390.371148
2011,3330,Peru,681.866855,456.223024
2012,3330,Peru,573.253004,546.710348
2013,3330,Peru,632.257325,628.965503
2001,3350,Bolivia,14.8,14.6
2002,3350,Bolivia,16.4,10.2
2003,3350,Bolivia,15.030633,13.459542
2004,3350,Bolivia,13.093784,22.115488
2005,3350,Bolivia,16.435689,19.912578
2006,3350,Bolivia,42.014073,20.382811
2007,3350,Bolivia,40.311793,24.106773
2008,3350,Bolivia,22.662913,58.527031
2009,3350,Bolivia,30.843489,24.279101
2010,3350,Bolivia,44.507533,53.359225
2011,3350,Bolivia,63.765335,65.740169
2012,3350,Bolivia,110.57352,60.250507
2013,3350,Bolivia,298.155805,42.662568
2001,3370,Chile,390.5,291.4
2002,3370,Chile,447.4,350.6
2003,3370,Chile,400.21646,319.286392
2004,3370,Chile,358.582022,346.296517
2005,3370,Chile,670.291963,544.718939
2006,3370,Chile,843.349493,739.287795
2007,3370,Chile,941.010838,770.748352
2008,3370,Chile,766.554781,868.230453
2009,3370,Chile,731.490842,601.903076
2010,3370,Chile,833.261668,645.300607
2011,3370,Chile,872.563361,731.841053
2012,3370,Chile,798.996638,822.734122
2013,3370,Chile,1109.446447,1012.821149
2001,3510,Brazil,1360,1049.9
2002,3510,Brazil,1093,1024.2
2003,3510,Brazil,1434.333961,1305.320522
2004,3510,Brazil,1393.365326,1208.526471
2005,3510,Brazil,2038.070725,1707.488922
2006,3510,Brazil,2006.435172,1857.874777
2007,3510,Brazil,2045.625431,1645.163841
2008,3510,Brazil,2283.882839,2046.976144
2009,3510,Brazil,1810.866138,1342.384178
2010,3510,Brazil,1942.338948,1432.141455
2011,3510,Brazil,2206.19446,1983.585501
2012,3510,Brazil,3003.429129,2634.949007
2013,3510,Brazil,2156.339523,1914.371597
2001,3530,Paraguay,2.9,1.7
2002,3530,Paraguay,2.6,2.8
2003,3530,Paraguay,3.651319,2.812211
2004,3530,Paraguay,3.778408,1.49927
2005,3530,Paraguay,5.407696,2.529553
2006,3530,Paraguay,3.600883,2.555133
2007,3530,Paraguay,5.089539,4.150347
2008,3530,Paraguay,5.95236,5.530701
2009,3530,Paraguay,4.269984,3.810788
2010,3530,Paraguay,4.711516,2.634496
2011,3530,Paraguay,5.220458,4.73995
2012,3530,Paraguay,10.742334,6.349281
2013,3530,Paraguay,21.310555,19.362333
2001,3550,Uruguay,20.1,22.5
2002,3550,Uruguay,13.4,12.5
2003,3550,Uruguay,12.675157,11.548596
2004,3550,Uruguay,29.247456,31.402624
2005,3550,Uruguay,54.057532,51.94482
2006,3550,Uruguay,55.332073,47.670962
2007,3550,Uruguay,50.098087,49.751559
2008,3550,Uruguay,19.457171,17.586705
2009,3550,Uruguay,23.621846,19.242132
2010,3550,Uruguay,14.05752,12.657921
2011,3550,Uruguay,17.614333,19.198672
2012,3550,Uruguay,28.948033,19.640629
2013,3550,Uruguay,35.801176,26.042711
2001,3570,Argentina,277.7,200.3
2002,3570,Argentina,266.7,192
2003,3570,Argentina,273.71432,282.316372
2004,3570,Argentina,266.861343,233.359006
2005,3570,Argentina,406.956389,310.621228
2006,3570,Argentina,370.614699,318.646059
2007,3570,Argentina,336.307554,332.952348
2008,3570,Argentina,496.994591,397.806591
2009,3570,Argentina,393.049344,233.635339
2010,3570,Argentina,252.733103,246.076784
2011,3570,Argentina,452.649135,265.356245
2012,3570,Argentina,441.211873,262.540259
2013,3570,Argentina,316.618056,358.816518
2001,3720,Falkland Islands(Islas Malvin,0.1,1.6
2002,3720,Falkland Islands(Islas Malvin,0.6,0.1
2003,3720,Falkland Islands(Islas Malvin,0.963854,0.590976
2004,3720,Falkland Islands(Islas Malvin,0,1.112321
2005,3720,Falkland Islands(Islas Malvin,0.672495,1.893381
2006,3720,Falkland Islands(Islas Malvin,0.464695,0.305593
2007,3720,Falkland Islands(Islas Malvin,0,0.033
2008,3720,Falkland Islands(Islas Malvin,0.002188,0.022236
2009,3720,Falkland Islands(Islas Malvin,0.224467,0.000723
2010,3720,Falkland Islands(Islas Malvin,0.121057,0.000304
2011,3720,Falkland Islands(Islas Malvin,0.000837,0.005643
2012,3720,Falkland Islands(Islas Malvin,0,3.896735
2013,3720,Falkland Islands(Islas Malvin,0.000809,0.000903
2001,4000,Iceland,19,15.9
2002,4000,Iceland,21,23.6
2003,4000,Iceland,17.14837,16.533266
2004,4000,Iceland,16.887222,30.496507
2005,4000,Iceland,18.921593,18.170246
2006,4000,Iceland,22.184682,19.103639
2007,4000,Iceland,18.562368,18.066437
2008,4000,Iceland,20.491211,12.629674
2009,4000,Iceland,11.785695,12.440568
2010,4000,Iceland,13.604397,15.626323
2011,4000,Iceland,15.580603,16.649509
2012,4000,Iceland,15.625468,23.99781
2013,4000,Iceland,40.006825,23.325168
2001,4010,Sweden,730.3,795.5
2002,4010,Sweden,581.2,726
2003,4010,Sweden,661.847779,751.366227
2004,4010,Sweden,895.782955,1067.808531
2005,4010,Sweden,914.362171,1151.371831
2006,4010,Sweden,1021.123974,1182.924557
2007,4010,Sweden,1070.226689,1054.129711
2008,4010,Sweden,968.104117,1086.155615
2009,4010,Sweden,644.854978,673.668467
2010,4010,Sweden,646.462919,639.158517
2011,4010,Sweden,997.555262,787.290876
2012,4010,Sweden,846.505799,849.999911
2013,4010,Sweden,637.286596,767.341748
2001,4031,"Svalbard, _1 _5en Island",0,0
2002,4031,"Svalbard, _1 _5en Island",0,0
2003,4031,"Svalbard, _1 _5en Island",0,0
2004,4031,"Svalbard, _1 _5en Island",0,0
2005,4031,"Svalbard, _1 _5en Island",0,0
2006,4031,"Svalbard, _1 _5en Island",0,0
2007,4031,"Svalbard, _1 _5en Island",0,0.228752
2008,4031,"Svalbard, _1 _5en Island",0,0
2009,4031,"Svalbard, _1 _5en Island",0,0
2010,4031,"Svalbard, _1 _5en Island",0,0
2011,4031,"Svalbard, _1 _5en Island",0,0.002462
2012,4031,"Svalbard, _1 _5en Island",0,0.000147
2013,4031,"Svalbard, _1 _5en Island",0,0.000678
2001,4039,Norway,439.3,445
2002,4039,Norway,311.1,206.7
2003,4039,Norway,312.050214,349.787736
2004,4039,Norway,441.693997,479.44562
2005,4039,Norway,434.820252,354.506947
2006,4039,Norway,578.237713,588.448375
2007,4039,Norway,546.052556,524.543754
2008,4039,Norway,579.754037,465.631123
2009,4039,Norway,365.160869,299.951842
2010,4039,Norway,774.089753,530.489872
2011,4039,Norway,580.936895,415.669733
2012,4039,Norway,460.780478,719.366485
2013,4039,Norway,434.737201,361.385511
2001,4050,Finland,300.9,290.6
2002,4050,Finland,229.9,229.4
2003,4050,Finland,267.926392,240.535274
2004,4050,Finland,402.753032,289.484498
2005,4050,Finland,289.757268,325.085907
2006,4050,Finland,365.329926,309.38825
2007,4050,Finland,396.992006,386.996993
2008,4050,Finland,372.138699,383.244485
2009,4050,Finland,373.069797,306.503129
2010,4050,Finland,220.768812,255.595199
2011,4050,Finland,348.622942,340.400147
2012,4050,Finland,535.121558,554.37302
2013,4050,Finland,319.123044,423.244653
2001,4091,Faroe Islands,1.4,1.6
2002,4091,Faroe Islands,1.1,1.2
2003,4091,Faroe Islands,0.873942,1.014097
2004,4091,Faroe Islands,0.468136,0.693562
2005,4091,Faroe Islands,0.784391,0.613388
2006,4091,Faroe Islands,0.243114,0.368304
2007,4091,Faroe Islands,0.580236,0.441444
2008,4091,Faroe Islands,0.383333,0.153049
2009,4091,Faroe Islands,2.098113,2.190671
2010,4091,Faroe Islands,5.038119,3.786426
2011,4091,Faroe Islands,8.430062,6.128286
2012,4091,Faroe Islands,3.253888,4.848554
2013,4091,Faroe Islands,9.522837,6.810933
2001,4099,Den_3k,226.6,243.8
2002,4099,Den_3k,250.5,189.5
2003,4099,Den_3k,235.938476,228.178843
2004,4099,Den_3k,243.798658,306.565714
2005,4099,Den_3k,344.806481,345.688311
2006,4099,Den_3k,323.935559,310.505175
2007,4099,Den_3k,395.713557,447.548689
2008,4099,Den_3k,362.119821,446.992312
2009,4099,Den_3k,410.299497,391.537158
2010,4099,Den_3k,306.762843,369.251996
2011,4099,Den_3k,493.031556,437.020703
2012,4099,Den_3k,502.01318,519.063961
2013,4099,Den_3k,546.865088,439.228406
2001,4120,United Kingdom,3856.5,3546.6
2002,4120,United Kingdom,3046.1,2860.1
2003,4120,United Kingdom,3002.737444,3492.789142
2004,4120,United Kingdom,3203.083405,3494.846395
2005,4120,United Kingdom,3544.776694,3704.894708
2006,4120,United Kingdom,3824.179584,3816.441037
2007,4120,United Kingdom,4063.137708,3839.635271
2008,4120,United Kingdom,4581.412316,4838.377268
2009,4120,United Kingdom,3077.434769,4008.925384
2010,4120,United Kingdom,3198.563623,4344.174075
2011,4120,United Kingdom,3619.513157,3510.968882
2012,4120,United Kingdom,4285.942155,4236.505261
2013,4120,United Kingdom,3949.266632,3910.783339
2001,4190,Ireland,1496.9,1374.9
2002,4190,Ireland,1516.6,1811.1
2003,4190,Ireland,2112.000824,1847.78632
2004,4190,Ireland,1520.7634,2665.613188
2005,4190,Ireland,1985.331728,2777.150306
2006,4190,Ireland,2225.236391,2012.50332
2007,4190,Ireland,2657.39232,2452.677065
2008,4190,Ireland,2269.983663,2783.188723
2009,4190,Ireland,2331.139993,2347.254048
2010,4190,Ireland,2352.253592,2684.489846
2011,4190,Ireland,2658.862857,3408.493273
2012,4190,Ireland,2994.113499,2810.348803
2013,4190,Ireland,2553.470415,2670.875666
2001,4210,Netherlands,835.3,725.3
2002,4210,Netherlands,679.2,714.9
2003,4210,Netherlands,882.690561,849.403128
2004,4210,Netherlands,853.430368,929.093761
2005,4210,Netherlands,1036.069965,962.360601
2006,4210,Netherlands,1434.220221,1125.91603
2007,4210,Netherlands,1164.076162,996.775675
2008,4210,Netherlands,1469.755514,1517.68041
2009,4210,Netherlands,1186.381695,1286.480475
2010,4210,Netherlands,1397.73115,1465.816535
2011,4210,Netherlands,1508.130532,1966.13145
2012,4210,Netherlands,1955.058042,1738.024469
2013,4210,Netherlands,1786.826904,1867.074387
2001,4231,Belgium,870.9,841.6
2002,4231,Belgium,733.9,746
2003,4231,Belgium,774.570524,789.194653
2004,4231,Belgium,897.442116,935.866594
2005,4231,Belgium,983.260669,963.972986
2006,4231,Belgium,1007.484577,1165.050926
2007,4231,Belgium,1136.203813,1094.000021
2008,4231,Belgium,1352.909031,1674.77069
2009,4231,Belgium,914.769086,808.008155
2010,4231,Belgium,1561.633243,1016.131539
2011,4231,Belgium,1230.416851,1565.855368
2012,4231,Belgium,1279.113064,1226.281942
2013,4231,Belgium,1544.81066,1301.071637
2001,4239,Luxembourg,30.4,31.6
2002,4239,Luxembourg,20.6,19.3
2003,4239,Luxembourg,24.373975,19.820805
2004,4239,Luxembourg,17.452846,18.363336
2005,4239,Luxembourg,23.410262,24.255014
2006,4239,Luxembourg,106.321289,41.27101
2007,4239,Luxembourg,49.700184,44.457474
2008,4239,Luxembourg,33.671073,43.09821
2009,4239,Luxembourg,34.043906,15.123336
2010,4239,Luxembourg,31.909768,21.125044
2011,4239,Luxembourg,31.312149,27.536601
2012,4239,Luxembourg,31.560143,25.771221
2013,4239,Luxembourg,123.371855,55.498976
2001,4271,Andorra,0,0
2002,4271,Andorra,0,0
2003,4271,Andorra,0.005856,0.030779
2004,4271,Andorra,0.276921,0.04814
2005,4271,Andorra,0.037919,0.105187
2006,4271,Andorra,0.023978,0.010353
2007,4271,Andorra,0.112935,0.075237
2008,4271,Andorra,0.06346,0.137914
2009,4271,Andorra,0.029818,0.077856
2010,4271,Andorra,0.08086,0.049898
2011,4271,Andorra,0.085122,0.055554
2012,4271,Andorra,0.070849,0.025338
2013,4271,Andorra,0.092027,0.124746
2001,4272,Monaco,0.8,2.1
2002,4272,Monaco,0.6,0.5
2003,4272,Monaco,1.096962,0.997473
2004,4272,Monaco,1.312574,3.153185
2005,4272,Monaco,1.147503,1.30187
2006,4272,Monaco,1.691582,1.445687
2007,4272,Monaco,1.653025,1.474801
2008,4272,Monaco,1.982671,1.824414
2009,4272,Monaco,1.293904,0.740693
2010,4272,Monaco,1.061657,3.440709
2011,4272,Monaco,4.023823,1.058632
2012,4272,Monaco,2.421247,6.513657
2013,4272,Monaco,3.973031,1.815223
2001,4279,France,2524.9,2343.6
2002,4279,France,2283.6,2184
2003,4279,France,2354.303713,2215.150117
2004,4279,France,2258.015912,2160.78964
2005,4279,France,2562.059966,2585.976081
2006,4279,France,2882.794488,2838.029639
2007,4279,France,2960.541485,2976.38964
2008,4279,France,3342.495182,3669.500988
2009,4279,France,2691.574433,2485.91149
2010,4279,France,2555.731924,2609.826983
2011,4279,France,2798.111841,2821.02704
2012,4279,France,3346.716384,3081.831319
2013,4279,France,3210.894081,3124.359129
2001,4280,Germany,4875,4846
2002,4280,Germany,4194.7,4635.7
2003,4280,Germany,4876.693261,4860.335555
2004,4280,Germany,5013.050661,5988.41995
2005,4280,Germany,5955.928052,6378.311515
2006,4280,Germany,6610.821368,6879.670985
2007,4280,Germany,6853.538936,6991.008328
2008,4280,Germany,7078.525262,7978.731575
2009,4280,Germany,5213.588313,5640.084573
2010,4280,Germany,5007.718306,5750.194616
2011,4280,Germany,6997.757265,7023.592866
2012,4280,Germany,7693.867793,7930.445796
2013,4280,Germany,8031.686004,8319.47964
2001,4330,Austria,307.6,302.3
2002,4330,Austria,224.1,304
2003,4330,Austria,301.268677,323.402044
2004,4330,Austria,322.604889,393.989498
2005,4330,Austria,423.305375,416.659051
2006,4330,Austria,544.498671,466.14615
2007,4330,Austria,644.853571,797.292348
2008,4330,Austria,771.021471,1112.595672
2009,4330,Austria,481.559569,534.005066
2010,4330,Austria,424.769062,437.315318
2011,4330,Austria,581.807581,691.989724
2012,4330,Austria,759.409232,744.576483
2013,4330,Austria,702.244518,803.062172
2003,4350,Czechoslovakia,0,0
2001,4351,Czech Republic,98.6,82.9
2002,4351,Czech Republic,84.8,72.2
2003,4351,Czech Republic,96.659781,97.026888
2004,4351,Czech Republic,103.883572,136.749418
2005,4351,Czech Republic,136.921175,158.083191
2006,4351,Czech Republic,177.77469,159.124995
2007,4351,Czech Republic,184.330094,164.586202
2008,4351,Czech Republic,204.634986,200.963178
2009,4351,Czech Republic,158.087986,147.526185
2010,4351,Czech Republic,152.570883,182.697301
2011,4351,Czech Republic,237.392656,206.367045
2012,4351,Czech Republic,312.521123,285.170082
2013,4351,Czech Republic,290.242966,261.830078
2001,4359,Slovakia,19,17.9
2002,4359,Slovakia,16.4,15.4
2003,4359,Slovakia,19.186019,22.093765
2004,4359,Slovakia,81.417955,76.571481
2005,4359,Slovakia,33.68527,40.960954
2006,4359,Slovakia,70.96956,44.163221
2007,4359,Slovakia,115.88441,115.407451
2008,4359,Slovakia,111.633664,131.712499
2009,4359,Slovakia,39.888918,38.691767
2010,4359,Slovakia,50.820856,70.067318
2011,4359,Slovakia,91.219651,71.139526
2012,4359,Slovakia,113.37184,80.278759
2013,4359,Slovakia,118.154917,90.891083
2001,4370,Hungary,165.3,338.1
2002,4370,Hungary,128.2,146.4
2003,4370,Hungary,133.498785,283.590244
2004,4370,Hungary,290.56869,296.346157
2005,4370,Hungary,198.365734,183.21143
2006,4370,Hungary,329.987965,178.006531
2007,4370,Hungary,198.176528,213.648925
2008,4370,Hungary,254.903701,268.558773
2009,4370,Hungary,151.857211,223.82218
2010,4370,Hungary,150.887492,170.4511
2011,4370,Hungary,262.431439,201.306658
2012,4370,Hungary,255.252837,227.719517
2013,4370,Hungary,273.264778,258.945302
2001,4411,Liechtenstein,19,19.6
2002,4411,Liechtenstein,17.6,18.1
2003,4411,Liechtenstein,14.928929,18.716185
2004,4411,Liechtenstein,18.211747,22.48494
2005,4411,Liechtenstein,20.216941,21.217291
2006,4411,Liechtenstein,39.730293,22.138956
2007,4411,Liechtenstein,17.805199,21.796844
2008,4411,Liechtenstein,16.342423,24.005674
2009,4411,Liechtenstein,9.966551,12.776649
2010,4411,Liechtenstein,12.988968,16.005475
2011,4411,Liechtenstein,21.456782,17.299591
2012,4411,Liechtenstein,19.711376,19.630926
2013,4411,Liechtenstein,21.223832,22.106668
2001,4419,Switzerland,872.1,846.9
2002,4419,Switzerland,595.5,614
2003,4419,Switzerland,754.892041,728.926045
2004,4419,Switzerland,788.044835,866.068496
2005,4419,Switzerland,983.198554,1055.089497
2006,4419,Switzerland,1035.437717,1030.030534
2007,4419,Switzerland,1092.894171,1119.506239
2008,4419,Switzerland,1308.070711,1321.093105
2009,4419,Switzerland,1196.089179,1142.465021
2010,4419,Switzerland,1366.230086,1317.688657
2011,4419,Switzerland,1590.759775,1719.55576
2012,4419,Switzerland,1958.937225,1982.931917
2013,4419,Switzerland,2235.340913,1871.803394
2001,4470,Estonia,37.1,20.4
2002,4470,Estonia,15.7,10.7
2003,4470,Estonia,9.21706,12.685564
2004,4470,Estonia,28.677822,20.03662
2005,4470,Estonia,20.273309,9.813694
2006,4470,Estonia,69.119937,40.778632
2007,4470,Estonia,37.026723,30.92492
2008,4470,Estonia,24.034974,15.713413
2009,4470,Estonia,26.412424,9.157661
2010,4470,Estonia,9.182447,18.907751
2011,4470,Estonia,117.448163,101.162205
2012,4470,Estonia,48.51013,48.894603
2013,4470,Estonia,38.640898,50.467586
2001,4490,Latvia,41.1,28.1
2002,4490,Latvia,4.4,9.5
2003,4490,Latvia,21.940691,85.364018
2004,4490,Latvia,54.64793,56.895305
2005,4490,Latvia,23.873138,20.047001
2006,4490,Latvia,114.933052,8.964095
2007,4490,Latvia,6.258115,21.76134
2008,4490,Latvia,11.00187,55.602025
2009,4490,Latvia,13.975969,16.285451
2010,4490,Latvia,20.009145,13.258911
2011,4490,Latvia,17.864615,43.978419
2012,4490,Latvia,22.840313,15.291548
2013,4490,Latvia,15.428617,36.705889
2001,4510,Lithuania,10.6,12.6
2002,4510,Lithuania,15.1,26
2003,4510,Lithuania,24.283372,59.079565
2004,4510,Lithuania,22.140661,42.050809
2005,4510,Lithuania,44.822896,86.047786
2006,4510,Lithuania,23.839832,98.569548
2007,4510,Lithuania,36.324022,34.044918
2008,4510,Lithuania,52.702,62.607431
2009,4510,Lithuania,40.391195,48.129872
2010,4510,Lithuania,34.137634,82.027555
2011,4510,Lithuania,93.020724,40.475605
2012,4510,Lithuania,74.583724,67.120736
2013,4510,Lithuania,136.526032,33.524059
2001,4550,Poland,78.8,80
2002,4550,Poland,78.4,66.7
2003,4550,Poland,101.373178,82.980621
2004,4550,Poland,112.691396,117.836363
2005,4550,Poland,162.942659,138.341874
2006,4550,Poland,201.285147,153.203
2007,4550,Poland,162.833691,154.649588
2008,4550,Poland,188.537756,180.062515
2009,4550,Poland,146.389741,148.291669
2010,4550,Poland,168.887128,201.527181
2011,4550,Poland,331.09595,283.80721
2012,4550,Poland,379.729553,384.136477
2013,4550,Poland,316.822389,346.657412
2003,4610,USSR,0,0
2001,4621,Russia,695.1,505.9
2002,4621,Russia,316.9,369.2
2003,4621,Russia,653.547468,715.085267
2004,4621,Russia,458.901805,653.456802
2005,4621,Russia,1119.995679,1176.634704
2006,4621,Russia,1303.973385,1326.241603
2007,4621,Russia,999.451038,1127.333031
2008,4621,Russia,1713.56661,1665.582179
2009,4621,Russia,1303.78561,983.847092
2010,4621,Russia,1698.915424,1235.777273
2011,4621,Russia,2597.753217,1568.917163
2012,4621,Russia,2545.082417,2308.151592
2013,4621,Russia,2020.998057,2001.56263
2001,4622,Belarus,15.3,4.6
2002,4622,Belarus,10.4,3.4
2003,4622,Belarus,9.99169,16.511832
2004,4622,Belarus,17.671663,19.978792
2005,4622,Belarus,39.441049,22.99404
2006,4622,Belarus,42.497602,28.817995
2007,4622,Belarus,41.557785,54.450868
2008,4622,Belarus,72.548275,131.794924
2009,4622,Belarus,35.09826,31.515281
2010,4622,Belarus,18.791976,16.219771
2011,4622,Belarus,20.555322,7.619891
2012,4622,Belarus,30.045384,3.86308
2013,4622,Belarus,5.648189,13.030809
2001,4623,Ukraine,60.3,43
2002,4623,Ukraine,21.8,31.8
2003,4623,Ukraine,39.974216,25.096404
2004,4623,Ukraine,30.135911,54.650444
2005,4623,Ukraine,62.31103,72.952711
2006,4623,Ukraine,89.013311,122.252666
2007,4623,Ukraine,103.763482,61.843359
2008,4623,Ukraine,114.760903,81.929165
2009,4623,Ukraine,90.813895,82.628848
2010,4623,Ukraine,53.320707,34.499013
2011,4623,Ukraine,77.993079,113.959721
2012,4623,Ukraine,149.197856,51.938532
2013,4623,Ukraine,111.526652,49.653385
2001,4631,Armenia,3.5,3.9
2002,4631,Armenia,4.7,2.1
2003,4631,Armenia,1.306405,1.854353
2004,4631,Armenia,2.636492,2.656066
2005,4631,Armenia,1.483484,2.290465
2006,4631,Armenia,2.750472,3.497659
2007,4631,Armenia,1.894078,3.513797
2008,4631,Armenia,5.782017,1.912228
2009,4631,Armenia,2.890835,4.279104
2010,4631,Armenia,5.546546,2.890171
2011,4631,Armenia,11.329294,3.663429
2012,4631,Armenia,10.508106,3.059209
2013,4631,Armenia,9.691725,6.44305
2001,4632,Azerbai_1,3,8.5
2002,4632,Azerbai_1,0.7,0.3
2003,4632,Azerbai_1,0.177077,1.493711
2004,4632,Azerbai_1,1.69342,2.077234
2005,4632,Azerbai_1,0.595867,0.705842
2006,4632,Azerbai_1,1.989584,0.510254
2007,4632,Azerbai_1,151.110582,1.522048
2008,4632,Azerbai_1,303.207463,225.382254
2009,4632,Azerbai_1,42.844144,89.056827
2010,4632,Azerbai_1,148.758555,41.131472
2011,4632,Azerbai_1,288.205085,0.32756
2012,4632,Azerbai_1,110.485768,117.839399
2013,4632,Azerbai_1,95.22016,120.683885
2001,4633,Georgia,0.3,0.3
2002,4633,Georgia,0.7,0.4
2003,4633,Georgia,0.290656,1.335984
2004,4633,Georgia,2.440852,1.122769
2005,4633,Georgia,0.697086,0.60849
2006,4633,Georgia,5.108866,11.317398
2007,4633,Georgia,0.646077,5.974684
2008,4633,Georgia,24.501812,11.170352
2009,4633,Georgia,4.273423,4.703973
2010,4633,Georgia,8.224947,13.022503
2011,4633,Georgia,40.460048,12.597255
2012,4633,Georgia,9.864327,14.048957
2013,4633,Georgia,26.039182,40.31054
2001,4634,Kazakhstan,64.4,32.8
2002,4634,Kazakhstan,23.2,16.3
2003,4634,Kazakhstan,20.76535,10.164729
2004,4634,Kazakhstan,29.371608,25.609604
2005,4634,Kazakhstan,58.61664,179.548576
2006,4634,Kazakhstan,99.728961,139.684761
2007,4634,Kazakhstan,112.049164,86.402281
2008,4634,Kazakhstan,224.989773,119.090083
2009,4634,Kazakhstan,82.146453,67.111318
2010,4634,Kazakhstan,134.661743,194.362298
2011,4634,Kazakhstan,108.601408,48.320217
2012,4634,Kazakhstan,56.167241,132.452287
2013,4634,Kazakhstan,88.677158,139.758878
2001,4635,Kyrgyzstan,0.2,0.3
2002,4635,Kyrgyzstan,0.4,0.3
2003,4635,Kyrgyzstan,0.291575,0.509288
2004,4635,Kyrgyzstan,1.000922,0.930289
2005,4635,Kyrgyzstan,0.83262,0.912093
2006,4635,Kyrgyzstan,0.803586,0.656211
2007,4635,Kyrgyzstan,0.201767,0.006831
2008,4635,Kyrgyzstan,0.231466,0.440273
2009,4635,Kyrgyzstan,0.046432,0.792512
2010,4635,Kyrgyzstan,0.548115,1.309682
2011,4635,Kyrgyzstan,0.510518,0.233379
2012,4635,Kyrgyzstan,0.122457,0.151311
2013,4635,Kyrgyzstan,0.017592,0.371784
2001,4641,Moldova,2.2,2.2
2002,4641,Moldova,3.1,4
2003,4641,Moldova,4.667235,3.740168
2004,4641,Moldova,3.285485,5.951268
2005,4641,Moldova,3.145469,3.885938
2006,4641,Moldova,3.024699,3.316786
2007,4641,Moldova,1.587841,1.678486
2008,4641,Moldova,1.079681,0.817108
2009,4641,Moldova,0.517617,0.354696
2010,4641,Moldova,0.656996,0.733932
2011,4641,Moldova,0.902285,0.593429
2012,4641,Moldova,2.151669,1.768992
2013,4641,Moldova,3.795761,1.526918
2001,4642,Tajikistan,0.4,0.6
2002,4642,Tajikistan,0.3,0.2
2003,4642,Tajikistan,0.080745,0.14953
2004,4642,Tajikistan,1.00692,1.140434
2005,4642,Tajikistan,29.031635,0.394383
2006,4642,Tajikistan,0,60.311514
2007,4642,Tajikistan,0.022164,0.03516
2008,4642,Tajikistan,0,0.196427
2009,4642,Tajikistan,0.015138,8.06876
2010,4642,Tajikistan,1.309212,0.000959
2011,4642,Tajikistan,0.020299,0.013003
2012,4642,Tajikistan,19.612631,0.009904
2013,4642,Tajikistan,0.010311,0.543196
2001,4643,Turkmenistan,11.3,2.8
2002,4643,Turkmenistan,4.2,3.5
2003,4643,Turkmenistan,6.441546,6.184663
2004,4643,Turkmenistan,4.691112,2.917519
2005,4643,Turkmenistan,3.738832,4.377489
2006,4643,Turkmenistan,9.788418,2.76996
2007,4643,Turkmenistan,21.360486,3.614668
2008,4643,Turkmenistan,7.239674,2.221305
2009,4643,Turkmenistan,2.436768,2.597181
2010,4643,Turkmenistan,4.240856,3.505284
2011,4643,Turkmenistan,0.863665,1.347742
2012,4643,Turkmenistan,6.272149,0.718225
2013,4643,Turkmenistan,0.71082,6.239932
2001,4644,Uzbekistan,3,5
2002,4644,Uzbekistan,3.2,12.1
2003,4644,Uzbekistan,3.870175,3.378476
2004,4644,Uzbekistan,5.842515,5.083802
2005,4644,Uzbekistan,10.091056,2.718251
2006,4644,Uzbekistan,2.247937,1.269924
2007,4644,Uzbekistan,1.017285,1.973502
2008,4644,Uzbekistan,20.727101,37.471197
2009,4644,Uzbekistan,0.691651,0.671811
2010,4644,Uzbekistan,24.279646,3.978964
2011,4644,Uzbekistan,0.498321,0.626422
2012,4644,Uzbekistan,0.72115,0.716443
2013,4644,Uzbekistan,0.777566,2.083488
2001,4700,Spain,542,416.8
2002,4700,Spain,436,378.7
2003,4700,Spain,495.761684,465.487683
2004,4700,Spain,521.198088,530.847151
2005,4700,Spain,626.924401,788.399035
2006,4700,Spain,647.238294,713.898838
2007,4700,Spain,797.274739,668.611062
2008,4700,Spain,800.79235,742.406702
2009,4700,Spain,665.507972,571.568182
2010,4700,Spain,621.351625,459.641016
2011,4700,Spain,797.484803,662.924817
2012,4700,Spain,819.651259,845.168056
2013,4700,Spain,897.653447,883.132221
2001,4710,Portugal,161.5,116
2002,4710,Portugal,98.3,102.8
2003,4710,Portugal,141.842576,124.119274
2004,4710,Portugal,145.276843,140.384673
2005,4710,Portugal,196.826486,198.588857
2006,4710,Portugal,196.582922,169.992886
2007,4710,Portugal,272.521917,206.840545
2008,4710,Portugal,231.260608,192.912922
2009,4710,Portugal,128.93296,127.015589
2010,4710,Portugal,184.937142,193.525366
2011,4710,Portugal,202.110616,146.589023
2012,4710,Portugal,296.861533,195.46942
2013,4710,Portugal,193.450179,216.037811
2001,4720,Gibraltar,0.1,0.4
2002,4720,Gibraltar,0,0
2003,4720,Gibraltar,0.002026,0.037183
2004,4720,Gibraltar,0.169018,0.045157
2005,4720,Gibraltar,1.208258,0.201083
2006,4720,Gibraltar,0.095041,0.061172
2007,4720,Gibraltar,0.06095,0.068923
2008,4720,Gibraltar,0.039397,0.017543
2009,4720,Gibraltar,0.006557,0.023256
2010,4720,Gibraltar,0.055262,0
2011,4720,Gibraltar,0.899576,0.000709
2012,4720,Gibraltar,0.007243,0.146262
2013,4720,Gibraltar,0.000165,0.002769
2001,4730,Malta,39.8,25.9
2002,4730,Malta,24.1,23.7
2003,4730,Malta,25.440891,23.94094
2004,4730,Malta,44.823808,37.152011
2005,4730,Malta,25.578303,23.903899
2006,4730,Malta,24.040913,22.953807
2007,4730,Malta,20.617771,24.243438
2008,4730,Malta,23.529035,23.607106
2009,4730,Malta,12.116019,13.914861
2010,4730,Malta,19.968731,19.269365
2011,4730,Malta,17.001182,19.883186
2012,4730,Malta,13.79225,17.791884
2013,4730,Malta,20.096672,19.437899
2001,4751,San _3ino,0,0.8
2002,4751,San _3ino,0.1,0.2
2003,4751,San _3ino,0.16049,0.012454
2004,4751,San _3ino,0.106841,0.126046
2005,4751,San _3ino,0.015819,0.173992
2006,4751,San _3ino,0.520627,0.24473
2007,4751,San _3ino,0.235467,0.017453
2008,4751,San _3ino,0.02486,0.03284
2009,4751,San _3ino,0.045224,0.05155
2010,4751,San _3ino,0.02276,0.148055
2011,4751,San _3ino,0.291965,0.476755
2012,4751,San _3ino,0.19706,0.568061
2013,4751,San _3ino,0.242549,0.465012
2001,4752,Vatican City,0,0
2002,4752,Vatican City,0,0.8
2003,4752,Vatican City,0.07516,0.163343
2004,4752,Vatican City,0.089213,0.003809
2005,4752,Vatican City,0.010569,0.004555
2006,4752,Vatican City,0.158338,0.011088
2007,4752,Vatican City,0.036079,0.019746
2008,4752,Vatican City,0.007167,0.070833
2009,4752,Vatican City,0,0.006041
2010,4752,Vatican City,0,0.000673
2011,4752,Vatican City,0.006718,0.105768
2012,4752,Vatican City,0.003704,0.003813
2013,4752,Vatican City,0.028437,0.04899
2001,4759,Italy,2083.7,1946.4
2002,4759,Italy,1730,1713.6
2003,4759,Italy,2002.99333,1808.050946
2004,4759,Italy,2002.786447,2092.241125
2005,4759,Italy,2352.74301,2261.522616
2006,4759,Italy,2566.768501,2289.077762
2007,4759,Italy,2640.800791,2413.422777
2008,4759,Italy,2988.304823,2854.032529
2009,4759,Italy,2210.162043,1979.741495
2010,4759,Italy,2011.604105,1946.255243
2011,4759,Italy,2452.948303,2256.831126
2012,4759,Italy,2738.905111,2397.01684
2013,4759,Italy,2856.84349,2691.98009
2003,4790,Yugoslavia (former),0,0
2001,4791,Croatia,18.9,19.3
2002,4791,Croatia,11.8,10.8
2003,4791,Croatia,15.466085,14.836493
2004,4791,Croatia,18.30002,24.736114
2005,4791,Croatia,25.887972,28.066249
2006,4791,Croatia,33.920194,34.567895
2007,4791,Croatia,22.620414,26.854863
2008,4791,Croatia,23.220267,17.469133
2009,4791,Croatia,24.56573,17.411567
2010,4791,Croatia,24.9152,25.965929
2011,4791,Croatia,32.553205,23.974898
2012,4791,Croatia,31.85532,34.311629
2013,4791,Croatia,37.524379,35.435406
2001,4792,Slovenia,25.1,23.4
2002,4792,Slovenia,18.9,21.1
2003,4792,Slovenia,30.775408,40.348538
2004,4792,Slovenia,27.498203,42.354332
2005,4792,Slovenia,32.898462,35.462082
2006,4792,Slovenia,33.081262,27.710059
2007,4792,Slovenia,44.112742,42.150848
2008,4792,Slovenia,32.005747,30.761089
2009,4792,Slovenia,32.879517,27.850526
2010,4792,Slovenia,34.682061,30.511151
2011,4792,Slovenia,39.734337,35.087051
2012,4792,Slovenia,43.324519,48.256561
2013,4792,Slovenia,41.594307,36.372244
2001,4793,Bosnia and Herzegovina,1.1,0.5
2002,4793,Bosnia and Herzegovina,0.9,0.9
2003,4793,Bosnia and Herzegovina,0.725343,0.781218
2004,4793,Bosnia and Herzegovina,0.710555,0.615027
2005,4793,Bosnia and Herzegovina,1.915009,0.973034
2006,4793,Bosnia and Herzegovina,1.171066,0.673419
2007,4793,Bosnia and Herzegovina,1.983195,1.144406
2008,4793,Bosnia and Herzegovina,1.989024,1.06307
2009,4793,Bosnia and Herzegovina,1.380467,1.552427
2010,4793,Bosnia and Herzegovina,1.487231,1.346983
2011,4793,Bosnia and Herzegovina,2.244567,2.048982
2012,4793,Bosnia and Herzegovina,3.454398,3.994157
2013,4793,Bosnia and Herzegovina,4.80089,3.401015
2001,4794,Macedonia,15.1,9.4
2002,4794,Macedonia,11,5.7
2003,4794,Macedonia,6.059195,12.065672
2004,4794,Macedonia,7.61541,11.43217
2005,4794,Macedonia,4.50533,6.20914
2006,4794,Macedonia,6.461982,9.611696
2007,4794,Macedonia,7.562943,4.574701
2008,4794,Macedonia,6.444592,0.946267
2009,4794,Macedonia,6.009916,5.115328
2010,4794,Macedonia,2.913505,8.104359
2011,4794,Macedonia,5.625422,8.919852
2012,4794,Macedonia,9.119812,15.026403
2013,4794,Macedonia,9.841453,14.127141
2001,4799,Serbia and Montenegro,0.3,0
2002,4799,Serbia and Montenegro,0.3,0.4
2003,4799,Serbia and Montenegro,0.619624,0.408335
2004,4799,Serbia and Montenegro,2.009341,1.480251
2005,4799,Serbia and Montenegro,5.318041,5.06182
2006,4799,Serbia and Montenegro,8.134202,4.226248
2009,4801,Serbia,3.302391,5.021048
2010,4801,Serbia,50.417338,6.574223
2011,4801,Serbia,4.551243,5.878206
2012,4801,Serbia,11.028666,8.904718
2013,4801,Serbia,9.84949,12.305036
2007,4802,Serbia,5.039169,2.900045
2008,4802,Serbia,6.640927,4.249513
2009,4803,Kosovo,0.033119,0
2010,4803,Kosovo,0.03113,0.002552
2011,4803,Kosovo,0.018144,0
2012,4803,Kosovo,0.004708,0
2013,4803,Kosovo,0.056842,0.152222
2007,4804,Montenegro,0.258797,0.133882
2008,4804,Montenegro,0.01287,0.014308
2009,4804,Montenegro,0.755483,0.442364
2010,4804,Montenegro,0.026861,0.213723
2011,4804,Montenegro,0.119933,0.399592
2012,4804,Montenegro,0.165995,0.147104
2013,4804,Montenegro,0.361497,0.070642
2001,4810,Albania,2.9,0.5
2002,4810,Albania,1.5,0.5
2003,4810,Albania,0.441764,0.255602
2004,4810,Albania,1.572408,0.641586
2005,4810,Albania,0.701665,0.556263
2006,4810,Albania,12.951151,1.379869
2007,4810,Albania,1.36053,1.148122
2008,4810,Albania,0.422802,0.6327
2009,4810,Albania,0.56275,0.535123
2010,4810,Albania,1.54425,0.689644
2011,4810,Albania,2.849357,2.583338
2012,4810,Albania,1.629316,1.631268
2013,4810,Albania,1.128829,1.336203
2001,4840,Greece,53.3,39.4
2002,4840,Greece,32.9,36.4
2003,4840,Greece,56.858084,41.630288
2004,4840,Greece,50.537393,37.25073
2005,4840,Greece,76.39169,64.066126
2006,4840,Greece,74.31579,57.403643
2007,4840,Greece,71.044637,106.78355
2008,4840,Greece,99.282154,65.864855
2009,4840,Greece,74.373099,48.123795
2010,4840,Greece,55.29099,55.569426
2011,4840,Greece,86.508266,64.799269
2012,4840,Greece,83.632934,70.515639
2013,4840,Greece,67.58655,56.585716
2001,4850,Romania,44.4,42.8
2002,4850,Romania,35.9,35.2
2003,4850,Romania,75.175302,35.415244
2004,4850,Romania,56.118191,49.78435
2005,4850,Romania,61.019554,53.514584
2006,4850,Romania,87.863735,118.391603
2007,4850,Romania,89.392662,67.5368
2008,4850,Romania,100.797255,86.596046
2009,4850,Romania,99.21445,64.394303
2010,4850,Romania,56.745193,61.957084
2011,4850,Romania,94.054388,88.64922
2012,4850,Romania,123.258696,87.78388
2013,4850,Romania,151.139001,104.359009
2001,4870,Bulgaria,26.2,24.4
2002,4870,Bulgaria,22.2,28.3
2003,4870,Bulgaria,38.085792,28.916197
2004,4870,Bulgaria,32.221658,23.508661
2005,4870,Bulgaria,32.671419,34.373673
2006,4870,Bulgaria,43.906092,42.890848
2007,4870,Bulgaria,23.626687,32.329007
2008,4870,Bulgaria,31.180446,26.544236
2009,4870,Bulgaria,27.852761,15.640294
2010,4870,Bulgaria,17.339038,25.071305
2011,4870,Bulgaria,27.674483,27.312565
2012,4870,Bulgaria,34.225877,40.57744
2013,4870,Bulgaria,57.33498,47.578296
2001,4890,Turkey,288.3,241.9
2002,4890,Turkey,227.9,274.5
2003,4890,Turkey,315.713837,274.75699
2004,4890,Turkey,313.141445,294.261391
2005,4890,Turkey,424.948122,410.703646
2006,4890,Turkey,421.764592,424.829893
2007,4890,Turkey,373.400838,344.472002
2008,4890,Turkey,359.542162,321.733352
2009,4890,Turkey,324.163302,347.291319
2010,4890,Turkey,290.450312,335.699366
2011,4890,Turkey,493.838765,361.815169
2012,4890,Turkey,534.460193,538.099085
2013,4890,Turkey,600.061786,531.468829
2001,4910,Cyprus,2.6,1.3
2002,4910,Cyprus,1.4,0.9
2003,4910,Cyprus,1.817554,2.36103
2004,4910,Cyprus,2.768578,2.011345
2005,4910,Cyprus,2.331795,2.884903
2006,4910,Cyprus,2.491018,2.325482
2007,4910,Cyprus,1.738733,1.322062
2008,4910,Cyprus,1.060664,0.680053
2009,4910,Cyprus,1.172434,0.792576
2010,4910,Cyprus,0.504009,0.749593
2011,4910,Cyprus,1.154642,2.846381
2012,4910,Cyprus,0.828292,2.041303
2013,4910,Cyprus,3.199547,2.72199
2001,5020,Syria,31.8,11.4
2002,5020,Syria,3.3,12.5
2003,5020,Syria,20.67669,79.169343
2004,5020,Syria,15.705299,11.615581
2005,5020,Syria,20.113729,37.499555
2006,5020,Syria,27.855879,1.875982
2007,5020,Syria,51.443916,3.425909
2008,5020,Syria,57.970193,34.192234
2009,5020,Syria,20.957951,13.753172
2010,5020,Syria,36.243362,65.732223
2011,5020,Syria,1.476893,1.254722
2012,5020,Syria,1.40569,1.63635
2013,5020,Syria,1.109051,0.440622
2001,5040,Lebanon,9.5,6.9
2002,5040,Lebanon,4.9,4.2
2003,5040,Lebanon,8.714702,8.031679
2004,5040,Lebanon,6.889581,5.079955
2005,5040,Lebanon,6.112767,6.757216
2006,5040,Lebanon,6.263355,13.199717
2007,5040,Lebanon,7.506527,5.756942
2008,5040,Lebanon,7.441415,6.57946
2009,5040,Lebanon,6.739456,5.645623
2010,5040,Lebanon,5.344109,4.551528
2011,5040,Lebanon,6.997792,6.624525
2012,5040,Lebanon,7.130965,4.553468
2013,5040,Lebanon,6.868657,5.261966
2001,5050,Iraq,292.9,205.5
2002,5050,Iraq,554.5,393.1
2003,5050,Iraq,512.69254,767.463624
2004,5050,Iraq,607.826598,487.684522
2005,5050,Iraq,549.216289,534.668107
2006,5050,Iraq,732.941068,757.998295
2007,5050,Iraq,910.310027,568.725849
2008,5050,Iraq,1368.277919,1711.938783
2009,5050,Iraq,715.554965,567.027272
2010,5050,Iraq,1195.71563,1231.000089
2011,5050,Iraq,1074.605798,855.715192
2012,5050,Iraq,1391.302945,975.398847
2013,5050,Iraq,1529.741498,1473.768538
2001,5070,Iran,17,13.8
2002,5070,Iran,15.5,11.3
2003,5070,Iran,15.822829,15.55062
2004,5070,Iran,11.529477,15.055176
2005,5070,Iran,14.827878,12.650675
2006,5070,Iran,16.467092,18.863742
2007,5070,Iran,21.192074,20.460656
2008,5070,Iran,14.875678,15.382213
2009,5070,Iran,7.083427,3.651808
2010,5070,Iran,6.325362,7.0045
2011,5070,Iran,0.058448,0.445007
2012,5070,Iran,0.005395,0.006849
2013,5070,Iran,0.474869,1.133591
2003,5080,Israel,0,0
2001,5081,Israel,1112.5,963.2
2002,5081,Israel,1101.8,923.3
2003,5081,Israel,1255.227631,1057.06528
2004,5081,Israel,1146.643996,1062.69031
2005,5081,Israel,1347.205111,1200.300826
2006,5081,Israel,1455.088034,1468.264661
2007,5081,Israel,1595.507056,1444.016335
2008,5081,Israel,1901.984243,1716.952279
2009,5081,Israel,1384.617781,1210.55726
2010,5081,Israel,1571.429113,1422.928402
2011,5081,Israel,1856.173962,1760.257188
2012,5081,Israel,1575.396657,1687.951375
2013,5081,Israel,1974.886195,1859.915069
2001,5082,Gaza Strip admin. by Israel,0.1,0
2002,5082,Gaza Strip admin. by Israel,0.5,0
2003,5082,Gaza Strip admin. by Israel,0.020059,0
2004,5082,Gaza Strip admin. by Israel,0.122071,0
2005,5082,Gaza Strip admin. by Israel,0.001006,0
2006,5082,Gaza Strip admin. by Israel,0.04514,0.12682
2007,5082,Gaza Strip admin. by Israel,0.019416,0.534412
2008,5082,Gaza Strip admin. by Israel,0.427188,0.105305
2009,5082,Gaza Strip admin. by Israel,0.030601,0
2010,5082,Gaza Strip admin. by Israel,1.22615,0.254545
2011,5082,Gaza Strip admin. by Israel,0.092043,0.384661
2012,5082,Gaza Strip admin. by Israel,0.246487,0.06318
2013,5082,Gaza Strip admin. by Israel,0,0
2001,5083,West Bank admin. by Israel,0,0.1
2002,5083,West Bank admin. by Israel,0,0
2003,5083,West Bank admin. by Israel,0,0.023585
2004,5083,West Bank admin. by Israel,0,0.0568
2005,5083,West Bank admin. by Israel,0.040387,0.08406
2006,5083,West Bank admin. by Israel,0.072874,0.08841
2007,5083,West Bank admin. by Israel,0.034333,0.071467
2008,5083,West Bank admin. by Israel,0.111906,0.093682
2009,5083,West Bank admin. by Israel,0.034258,0.115069
2010,5083,West Bank admin. by Israel,0.153631,0.015432
2011,5083,West Bank admin. by Israel,0.217188,0.428637
2012,5083,West Bank admin. by Israel,0.222031,0.207371
2013,5083,West Bank admin. by Israel,0.541013,0.300097
2001,5110,Jordan,15.9,17
2002,5110,Jordan,29.2,25
2003,5110,Jordan,43.997483,40.89373
2004,5110,Jordan,71.019644,73.980365
2005,5110,Jordan,116.302421,80.998535
2006,5110,Jordan,100.877891,103.549363
2007,5110,Jordan,96.482509,109.040536
2008,5110,Jordan,108.447757,90.249147
2009,5110,Jordan,89.712603,79.250169
2010,5110,Jordan,71.367956,67.496806
2011,5110,Jordan,84.887075,82.945944
2012,5110,Jordan,108.970099,93.226414
2013,5110,Jordan,93.418114,90.548561
2001,5130,Kuwait,247.1,191.1
2002,5130,Kuwait,134,153.7
2003,5130,Kuwait,151.37498,208.343935
2004,5130,Kuwait,187.497749,147.811645
2005,5130,Kuwait,227.767171,182.743765
2006,5130,Kuwait,152.203983,259.300529
2007,5130,Kuwait,247.258548,252.736141
2008,5130,Kuwait,707.210991,619.444535
2009,5130,Kuwait,392.910666,219.091366
2010,5130,Kuwait,268.357798,241.650949
2011,5130,Kuwait,352.4427,259.411212
2012,5130,Kuwait,1207.330172,525.854433
2013,5130,Kuwait,1223.052096,747.561653
2003,5160,Iraq-Saudi Arabia Neutral Zone,0,0
2001,5170,Saudi Arabia,1304.7,1280.1
2002,5170,Saudi Arabia,803.3,800.5
2003,5170,Saudi Arabia,1615.888089,1382.693374
2004,5170,Saudi Arabia,1447.976827,1322.82342
2005,5170,Saudi Arabia,1652.104659,1854.131913
2006,5170,Saudi Arabia,2344.153492,2313.668655
2007,5170,Saudi Arabia,2498.92817,1711.833978
2008,5170,Saudi Arabia,4180.298447,4333.264697
2009,5170,Saudi Arabia,2097.965277,1201.360596
2010,5170,Saudi Arabia,2055.989135,2040.694365
2011,5170,Saudi Arabia,2526.284881,3383.901144
2012,5170,Saudi Arabia,5090.344401,4063.460354
2013,5170,Saudi Arabia,3575.171037,3049.8628
2001,5180,Qatar,37.7,28.8
2002,5180,Qatar,27.1,24.9
2003,5180,Qatar,37.835204,14.33878
2004,5180,Qatar,29.138877,22.510035
2005,5180,Qatar,36.212548,30.844235
2006,5180,Qatar,72.904187,23.68339
2007,5180,Qatar,45.015932,9.87191
2008,5180,Qatar,46.033666,44.242443
2009,5180,Qatar,17.018469,33.594286
2010,5180,Qatar,75.504152,63.937901
2011,5180,Qatar,112.007336,17.938325
2012,5180,Qatar,89.482763,32.049483
2013,5180,Qatar,133.974787,142.611222
2001,5200,United Arab Emirates,132.8,116.9
2002,5200,United Arab Emirates,55.9,59.8
2003,5200,United Arab Emirates,218.70383,58.749427
2004,5200,United Arab Emirates,72.381451,66.718712
2005,5200,United Arab Emirates,89.1428,84.69552
2006,5200,United Arab Emirates,125.566661,97.380373
2007,5200,United Arab Emirates,109.876266,107.87805
2008,5200,United Arab Emirates,80.476696,134.68959
2009,5200,United Arab Emirates,73.2418,110.978759
2010,5200,United Arab Emirates,82.257129,86.358774
2011,5200,United Arab Emirates,147.391679,122.849045
2012,5200,United Arab Emirates,284.010342,136.6515
2013,5200,United Arab Emirates,184.832312,236.309685
2001,5210,Republic of Yemen,0.6,35.1
2002,5210,Republic of Yemen,0.2,0.2
2003,5210,Republic of Yemen,0.738509,0.1517
2004,5210,Republic of Yemen,0.543388,0.295357
2005,5210,Republic of Yemen,32.346174,4.622855
2006,5210,Republic of Yemen,105.108004,0.621276
2007,5210,Republic of Yemen,0.863595,36.505273
2008,5210,Republic of Yemen,0.524055,0.702885
2009,5210,Republic of Yemen,0.480771,0.498788
2010,5210,Republic of Yemen,1.570365,35.003124
2011,5210,Republic of Yemen,11.818547,12.845357
2012,5210,Republic of Yemen,18.941066,7.854696
2013,5210,Republic of Yemen,0.069993,0.220331
2001,5230,Oman,26.3,35.1
2002,5230,Oman,33.2,42
2003,5230,Oman,66.504281,64.645059
2004,5230,Oman,36.898937,15.776785
2005,5230,Oman,47.479281,112.305823
2006,5230,Oman,6.091753,66.424918
2007,5230,Oman,12.76221,5.427275
2008,5230,Oman,83.900515,20.128821
2009,5230,Oman,39.584555,76.832758
2010,5230,Oman,29.584044,18.633525
2011,5230,Oman,106.639625,75.827981
2012,5230,Oman,164.991529,89.518551
2013,5230,Oman,113.932448,102.228423
2001,5250,Bahrain,40,48
2002,5250,Bahrain,43.8,32.2
2003,5250,Bahrain,49.038382,59.068179
2004,5250,Bahrain,31.681623,25.419397
2005,5250,Bahrain,47.822748,31.534008
2006,5250,Bahrain,51.865937,31.153018
2007,5250,Bahrain,45.552005,60.208991
2008,5250,Bahrain,26.121719,65.56761
2009,5250,Bahrain,48.713366,28.568378
2010,5250,Bahrain,39.224062,51.723171
2011,5250,Bahrain,29.682557,55.180688
2012,5250,Bahrain,64.305349,40.026919
2013,5250,Bahrain,41.407781,44.173524
2001,5310,Afghanistan,0.5,0
2002,5310,Afghanistan,0,0
2003,5310,Afghanistan,0.483885,1.067538
2004,5310,Afghanistan,0.970807,3.88633
2005,5310,Afghanistan,1.652865,0.878621
2006,5310,Afghanistan,5.984125,5.978512
2007,5310,Afghanistan,3.499227,5.234203
2008,5310,Afghanistan,5.845608,7.633241
2009,5310,Afghanistan,2.472244,3.612329
2010,5310,Afghanistan,19.970495,23.256187
2011,5310,Afghanistan,1.587416,0.886274
2012,5310,Afghanistan,3.144245,0.486361
2013,5310,Afghanistan,1.96096,2.938714
2001,5330,India,888.6,743.4
2002,5330,India,960.3,792.1
2003,5330,India,1158.38374,993.822247
2004,5330,India,1181.200818,1136.023421
2005,5330,India,1389.008956,1341.926662
2006,5330,India,1857.570292,1565.396762
2007,5330,India,1992.246987,1698.221607
2008,5330,India,2275.559821,2103.569475
2009,5330,India,1833.517978,1579.003524
2010,5330,India,2080.532755,1972.140932
2011,5330,India,2524.44642,2229.394058
2012,5330,India,3109.180466,3033.98751
2013,5330,India,3171.085647,2829.557086
2001,5350,Pakistan,179.6,174.4
2002,5350,Pakistan,185.2,162.9
2003,5350,Pakistan,199.541497,184.797035
2004,5350,Pakistan,196.903768,217.437697
2005,5350,Pakistan,207.655876,241.993447
2006,5350,Pakistan,292.210758,250.785279
2007,5350,Pakistan,296.289001,228.649441
2008,5350,Pakistan,265.826297,241.279235
2009,5350,Pakistan,243.385075,247.792754
2010,5350,Pakistan,228.805231,249.226403
2011,5350,Pakistan,289.141531,240.735391
2012,5350,Pakistan,294.91289,253.269598
2013,5350,Pakistan,329.374287,262.060647
2001,5360,Nepal,19.2,24.4
2002,5360,Nepal,14,11.8
2003,5360,Nepal,16.065836,16.208676
2004,5360,Nepal,13.7975,14.062069
2005,5360,Nepal,9.793236,8.265749
2006,5360,Nepal,7.502757,7.417895
2007,5360,Nepal,7.37365,5.73208
2008,5360,Nepal,5.484478,6.531962
2009,5360,Nepal,5.637245,4.65825
2010,5360,Nepal,4.852988,4.876338
2011,5360,Nepal,4.973782,5.622195
2012,5360,Nepal,11.601192,5.668681
2013,5360,Nepal,7.00828,5.521006
2001,5380,Bangladesh,234.9,190.9
2002,5380,Bangladesh,208.5,176.9
2003,5380,Bangladesh,208.250176,182.72456
2004,5380,Bangladesh,173.881313,166.553078
2005,5380,Bangladesh,194.94369,193.952819
2006,5380,Bangladesh,272.361314,217.254028
2007,5380,Bangladesh,313.473903,239.978462
2008,5380,Bangladesh,311.379294,277.57615
2009,5380,Bangladesh,351.565995,313.129438
2010,5380,Bangladesh,279.04324,309.572191
2011,5380,Bangladesh,428.741681,391.576191
2012,5380,Bangladesh,483.709191,440.615433
2013,5380,Bangladesh,495.008886,473.391097
2001,5420,Sri Lanka,196.5,173
2002,5420,Sri Lanka,178.1,151.2
2003,5420,Sri Lanka,173.320192,145.018855
2004,5420,Sri Lanka,171.978977,150.272877
2005,5420,Sri Lanka,198.411687,176.498607
2006,5420,Sri Lanka,203.10792,164.828397
2007,5420,Sri Lanka,197.487103,162.697293
2008,5420,Sri Lanka,184.567667,169.099631
2009,5420,Sri Lanka,162.003662,147.595315
2010,5420,Sri Lanka,147.375454,128.805047
2011,5420,Sri Lanka,169.085268,154.739949
2012,5420,Sri Lanka,226.87027,206.146498
2013,5420,Sri Lanka,212.312938,176.423108
2001,5460,Burma,51,43.2
2002,5460,Burma,34.3,32
2003,5460,Burma,38.378083,30.788098
2004,5460,Burma,0,0
2005,5460,Burma,0.02,0.03
2006,5460,Burma,0,0.006813
2007,5460,Burma,0,0
2008,5460,Burma,0,0
2009,5460,Burma,0,0
2010,5460,Burma,0,0
2011,5460,Burma,0,0
2012,5460,Burma,0,0.038
2013,5460,Burma,0.054,0.163625
2001,5490,Thailand,1360.4,1095.7
2002,5490,Thailand,1092,1016.7
2003,5490,Thailand,1195.973135,1093.87493
2004,5490,Thailand,1257.06312,1249.730035
2005,5490,Thailand,1451.442432,1332.903152
2006,5490,Thailand,1657.934661,1562.85722
2007,5490,Thailand,1810.691392,1607.50462
2008,5490,Thailand,1832.852884,1853.043204
2009,5490,Thailand,1483.994781,1334.517459
2010,5490,Thailand,1644.816573,1552.243767
2011,5490,Thailand,1944.555669,1734.637251
2012,5490,Thailand,1976.030307,1872.998756
2013,5490,Thailand,2119.913408,1880.443786
2001,5520,Vietnam,58.4,50
2002,5520,Vietnam,101.7,87.3
2003,5520,Vietnam,388.325053,337.759008
2004,5520,Vietnam,382.184247,356.498445
2005,5520,Vietnam,538.690987,523.52548
2006,5520,Vietnam,630.128227,585.476656
2007,5520,Vietnam,743.854424,714.052604
2008,5520,Vietnam,979.261681,997.20745
2009,5520,Vietnam,1085.334314,875.359733
2010,5520,Vietnam,1156.776489,1049.335546
2011,5520,Vietnam,1382.999483,1243.946161
2012,5520,Vietnam,1763.440028,1335.242017
2013,5520,Vietnam,1994.81128,1765.095336
2001,5530,Laos,0.2,0.5
2002,5530,Laos,0.1,0.2
2003,5530,Laos,0.186327,0.375003
2004,5530,Laos,0.067493,0.418254
2005,5530,Laos,0.029535,0.375067
2006,5530,Laos,0.580507,1.315103
2007,5530,Laos,0.980682,1.075711
2008,5530,Laos,2.205836,1.725529
2009,5530,Laos,3.984503,2.588445
2010,5530,Laos,2.964724,3.987307
2011,5530,Laos,5.067015,3.428285
2012,5530,Laos,1.092514,1.374037
2013,5530,Laos,1.838198,1.664065
2001,5550,Cambodia,94.9,85.3
2002,5550,Cambodia,91.3,69.1
2003,5550,Cambodia,121.263828,103.092268
2004,5550,Cambodia,126.278815,110.321109
2005,5550,Cambodia,138.679828,128.494334
2006,5550,Cambodia,189.320488,158.86909
2007,5550,Cambodia,216.607983,182.309161
2008,5550,Cambodia,202.842111,201.160506
2009,5550,Cambodia,182.424735,147.285326
2010,5550,Cambodia,155.02672,173.291457
2011,5550,Cambodia,221.199624,208.926657
2012,5550,Cambodia,250.652972,223.883131
2013,5550,Cambodia,233.090911,224.573716
2001,5570,Malaysia,1869.2,1746.4
2002,5570,Malaysia,1774.6,1747.6
2003,5570,Malaysia,1890.837042,1650.759221
2004,5570,Malaysia,2111.647202,1893.571885
2005,5570,Malaysia,2327.474906,2100.581904
2006,5570,Malaysia,2818.163634,2464.911702
2007,5570,Malaysia,2781.485983,2594.750379
2008,5570,Malaysia,2768.164025,2444.764726
2009,5570,Malaysia,1837.628555,1544.238812
2010,5570,Malaysia,2062.759593,1888.146228
2011,5570,Malaysia,2081.868835,1874.733356
2012,5570,Malaysia,2048.049429,2012.359269
2013,5570,Malaysia,2118.778879,1812.371653
2001,5590,Singapore,1499.3,1305.5
2002,5590,Singapore,1198.7,1050.3
2003,5590,Singapore,1420.845862,1106.227733
2004,5590,Singapore,1147.546653,1140.386621
2005,5590,Singapore,1236.746918,1135.964449
2006,5590,Singapore,1307.33375,1239.040607
2007,5590,Singapore,1571.79751,1413.088476
2008,5590,Singapore,1674.890648,1384.972332
2009,5590,Singapore,1154.668572,881.238492
2010,5590,Singapore,1292.295514,1060.237782
2011,5590,Singapore,1536.737048,1522.583453
2012,5590,Singapore,1372.850084,1647.550839
2013,5590,Singapore,1493.146047,1381.032374
2001,5600,Indonesia,956.5,762.8
2002,5600,Indonesia,746.3,671.9
2003,5600,Indonesia,727.67884,715.398716
2004,5600,Indonesia,773.826861,762.584587
2005,5600,Indonesia,895.641891,913.214496
2006,5600,Indonesia,1071.640952,948.459683
2007,5600,Indonesia,1290.932422,1004.988239
2008,5600,Indonesia,1301.565864,1147.528404
2009,5600,Indonesia,1208.160067,1008.631827
2010,5600,Indonesia,1166.606844,1200.732042
2011,5600,Indonesia,1548.528433,1452.496957
2012,5600,Indonesia,1581.907621,1408.699962
2013,5600,Indonesia,1701.442535,1421.404807
2001,5601,East Timor,0,0
2002,5601,East Timor,0,0
2003,5601,East Timor,0.520559,0.476196
2004,5601,East Timor,0,0
2005,5601,East Timor,0,0
2006,5601,East Timor,0.009911,0
2007,5601,East Timor,0.179852,0.001791
2008,5601,East Timor,0,0.023548
2009,5601,East Timor,0,0.04421
2010,5601,East Timor,0,0
2011,5601,East Timor,0,0
2012,5601,East Timor,0,0
2013,5601,East Timor,0,0
2001,5610,Brunei,35.1,18.5
2002,5610,Brunei,14.4,25.4
2003,5610,Brunei,49.302523,27.76913
2004,5610,Brunei,19.873913,41.249661
2005,5610,Brunei,18.70046,29.280921
2006,5610,Brunei,12.97877,53.917968
2007,5610,Brunei,54.685028,55.425338
2008,5610,Brunei,43.823334,9.108647
2009,5610,Brunei,5.320498,4.875108
2010,5610,Brunei,0.061166,0.78589
2011,5610,Brunei,0.486706,5.846591
2012,5610,Brunei,0.459336,1.701609
2013,5610,Brunei,7.235774,0.806487
2001,5650,Philippines,1102.7,990.5
2002,5650,Philippines,861.2,788.4
2003,5650,Philippines,897.313935,796.074461
2004,5650,Philippines,712.919675,723.984723
2005,5650,Philippines,657.219252,682.617005
2006,5650,Philippines,795.590142,711.870698
2007,5650,Philippines,756.561337,702.590687
2008,5650,Philippines,738.533912,685.718173
2009,5650,Philippines,523.77316,558.775235
2010,5650,Philippines,581.368259,550.796658
2011,5650,Philippines,685.119908,626.205693
2012,5650,Philippines,749.344258,764.709945
2013,5650,Philippines,693.767938,672.253938
